porcentaje_ocio,media_en_cola
0.019994,0
30.8019,1.41895
30.9222,1.47638
32.003,1.4723
32.7131,1.39175
32.6861,1.39402
32.6475,1.39561
