porcentaje_ocio,media_en_cola
77.1588,5.95265
31.3889,1.61728
31.9479,1.46312
31.8393,1.47719
32.6674,1.39398
32.7786,1.38195
34.203,1.33216
