reps	tiempo
1000	0.000601
10000	0.006164
50000	0.027935
100000	0.030627
1000000	0.127436
10000000	1.177131
