reps	tiempo
1000	0.000415
10000	0.004069
50000	0.020529
100000	0.024964
1000000	0.135833
10000000	1.246654
