reps	tiempo
1000	0.000117
10000	0.001174
50000	0.005941
100000	0.011996
1000000	0.121211
10000000	1.186302
