reps	tiempo
1000	0.000064
10000	0.000617
50000	0.003068
100000	0.006214
1000000	0.062557
10000000	0.613240
