reps	tiempo
1000	0.000016
10000	0.000145
50000	0.000722
100000	0.001467
1000000	0.014526
10000000	0.146101
