reps	tiempo
1000	0.000017
10000	0.000155
50000	0.000762
100000	0.001518
1000000	0.016648
10000000	0.155575
