reps	tiempo
1000	0.000063
10000	0.000605
50000	0.002978
100000	0.006029
1000000	0.060328
10000000	0.626935
