reps	tiempo
1000	0.000127
10000	0.001239
50000	0.006246
100000	0.012547
1000000	0.128911
10000000	1.295068
