x;y;z;veces;Best_s;Ganancia_esperada;tiempo
10;0;1;10000;98;502.639000;0.121352
10;0;1;100000;96;499.394580;1.228234
10;0;5;10000;84;498.231000;0.122613
10;0;5;100000;93;496.194550;1.275088
10;0;10;10000;97;492.063000;0.127478
10;0;10;100000;96;491.285000;1.291043
10;0;100;10000;82;406.606000;0.125063
10;0;100;100000;80;404.619600;1.307969
