x;y;z;veces;Best_s;Ganancia_esperada;tiempo
10;5;200;10000;60;391.133000;0.122836
10;5;200;100000;61;389.268250;1.259295
10;10;200;10000;61;363.009000;0.128892
10;10;200;100000;59;358.476200;1.277941
25;5;200;10000;75;1117.495000;0.139728
25;5;200;100000;73;1111.467550;1.286411
25;10;200;10000;80;1086.311000;0.127489
25;10;200;100000;77;1076.797550;1.290287
