x;y;z;veces;Best_s;Ganancia_esperada;tiempo
10;5;200;10000;82;359.795000;0.122845
10;5;200;100000;79;356.288550;1.247951
10;10;200;10000;79;342.371000;0.127144
10;10;200;100000;81;336.210000;1.265307
25;5;200;10000;91;1094.779000;0.126661
25;5;200;100000;87;1086.849500;1.275876
25;10;200;10000;87;1075.621000;0.126274
25;10;200;100000;91;1070.513500;1.324787
