x;y;z;veces;Best_s;Ganancia_esperada;tiempo
10;5;200;10000;85;558.283000;0.156210
10;5;200;100000;87;552.674400;1.604674
10;10;200;10000;77;526.622000;0.154310
10;10;200;100000;81;525.970800;1.518530
25;5;200;10000;96;1531.620500;0.151326
25;5;200;100000;94;1531.736700;1.527295
25;10;200;10000;93;1515.604000;0.152044
25;10;200;100000;93;1503.659450;1.526752
